Time,Temperature,Voltage,Amps,Resistance
Thu Aug 10 12:00:07 2023,294.053,"[-8.0, -7.111111111111111, -6.222222222222222, -5.333333333333334, -4.444444444444445, -3.5555555555555554, -2.666666666666667, -1.7777777777777786, -0.8888888888888893, 0.0]","[-0.0001435313, -0.00012758770000000002, -0.00011163650000000001, -9.56896e-05, -7.973381e-05, -6.379146e-05, -4.784374e-05, -3.189512e-05, -1.5946180000000002e-05, 5.2152999999999996e-09]",55734.87601287172
