Time,Temperature,Voltage,Amps,Resistance
Thu Aug 10 11:53:12 2023,294.055,"[-8.0, -7.111111111111111, -6.222222222222222, -5.333333333333334, -4.444444444444445, -3.5555555555555554, -2.666666666666667, -1.7777777777777786, -0.8888888888888893, 0.0]","[-0.0001435324, -0.0001275877, -0.00011163750000000002, -9.569150000000001e-05, -7.973496e-05, -6.379295e-05, -4.7845470000000006e-05, -3.1897130000000005e-05, -1.5947809999999997e-05, 3.8863e-09]",55735.264877964124
