Time,Temperature,Voltage,Amps,Resistance
Tue Aug  8 13:07:55 2023,294.507,"[0.0, 0.25, 0.5, 0.75, 1.0]","[2.4119e-09, 4.482385e-06, 8.970615000000001e-06, 1.3449680000000001e-05, 1.794105e-05]",1
Tue Aug  8 13:07:55 2023,294.507,"[0.0, 0.25, 0.5, 0.75, 1.0]","[2.4119e-09, 4.482385e-06, 8.970615000000001e-06, 1.3449680000000001e-05, 1.794105e-05]",1
Tue Aug  8 13:08:01 2023,294.507,"[0.0, 0.25, 0.5, 0.75, 1.0]","[2.4119e-09, 4.482385e-06, 8.970615000000001e-06, 1.3449680000000001e-05, 1.794105e-05]",1
Tue Aug  8 13:08:06 2023,294.507,"[0.0, 0.25, 0.5, 0.75, 1.0]","[2.4119e-09, 4.482385e-06, 8.970615000000001e-06, 1.3449680000000001e-05, 1.794105e-05]",1
Tue Aug  8 13:08:11 2023,294.507,"[0.0, 0.25, 0.5, 0.75, 1.0]","[2.4119e-09, 4.482385e-06, 8.970615000000001e-06, 1.3449680000000001e-05, 1.794105e-05]",1
Tue Aug  8 13:08:16 2023,294.505,"[0.0, 0.25, 0.5, 0.75, 1.0]","[2.4119e-09, 4.482385e-06, 8.970615000000001e-06, 1.3449680000000001e-05, 1.794105e-05]",1
Tue Aug  8 13:08:22 2023,294.508,"[0.0, 0.25, 0.5, 0.75, 1.0]","[2.4119e-09, 4.482385e-06, 8.970615000000001e-06, 1.3449680000000001e-05, 1.794105e-05]",1
