Time,Temperature,Voltage,Amps,Resistance
Fri Jul 21 13:58:51 2023,4.356,"[0.0, 0.25, 0.5, 0.75, 1.0]","[-6.1637e-09, 4.480539e-06, 8.964017e-06, 1.3455100000000001e-05, 1.7940840000000002e-05]",55718.292094294935
Fri Jul 21 13:58:56 2023,4.362,"[0.0, 0.25, 0.5, 0.75, 1.0]","[-8.7e-10, 4.484386000000001e-06, 8.972319e-06, 1.345745e-05, 1.793708e-05]",55742.65136703877
Fri Jul 21 13:59:10 2023,4.355,"[0.0, 0.25, 0.5, 0.75, 1.0]","[2.7120999999999998e-09, 4.482811e-06, 8.966804e-06, 1.345129e-05, 1.7938670000000003e-05]",55753.30039686591
