Time,Temperature,Voltage,Amps,Resistance
Thu Aug 10 10:56:46 2023,294.076,"[-8.0, -7.111111111111111, -6.222222222222222, -5.333333333333334, -4.444444444444445, -3.5555555555555554, -2.666666666666667, -1.7777777777777786, -0.8888888888888893, 0.0]","[-0.00014351940000000002, -0.00012757509999999998, -0.00011162909999999999, -9.568280000000001e-05, -7.972692e-05, -6.37865e-05, -4.784033e-05, -3.189344999999999e-05, -1.594575e-05, 4.1425000000000005e-09]",55740.0166711944
