Time,Temperature,Voltage,Amps,Resistance
Fri Jul 21 14:01:07 2023,4.360,"[0.0, 0.25, 0.5, 0.75, 1.0]","[-2.5959999999999997e-09, 4.48737e-06, 8.970943e-06, 1.3456419999999998e-05, 1.793455e-05]",55749.634686980266
Fri Jul 21 14:01:11 2023,4.355,"[0.0, 0.25, 0.5, 0.75, 1.0]","[4.6269e-09, 4.478282999999999e-06, 8.981304999999999e-06, 1.344849e-05, 1.794376e-05]",55743.25770089615
Fri Jul 21 14:01:26 2023,4.361,"[0.0, 0.25, 0.5, 0.75, 1.0]","[5.3735e-09, 4.4871769999999996e-06, 8.966018000000001e-06, 1.345129e-05, 1.793377e-05]",55777.542740136705
