Time,Temperature,Voltage,Amps,Resistance
Mon Aug 14 17:55:37 2023,4.287,"[0.0, 0.25, 0.5, 0.75, 1.0]","[2.4119e-09, 4.482385e-06, 8.970615000000001e-06, 1.3449680000000001e-05, 1.794105e-05]",1
Mon Aug 14 17:55:37 2023,4.294,"[0.0, 0.25, 0.5, 0.75, 1.0]","[2.4119e-09, 4.482385e-06, 8.970615000000001e-06, 1.3449680000000001e-05, 1.794105e-05]",1
Mon Aug 14 17:55:42 2023,4.299,"[0.0, 0.25, 0.5, 0.75, 1.0]","[2.4119e-09, 4.482385e-06, 8.970615000000001e-06, 1.3449680000000001e-05, 1.794105e-05]",1
Mon Aug 14 17:55:47 2023,4.293,"[0.0, 0.25, 0.5, 0.75, 1.0]","[2.4119e-09, 4.482385e-06, 8.970615000000001e-06, 1.3449680000000001e-05, 1.794105e-05]",1
Mon Aug 14 17:55:53 2023,4.293,"[0.0, 0.25, 0.5, 0.75, 1.0]","[2.4119e-09, 4.482385e-06, 8.970615000000001e-06, 1.3449680000000001e-05, 1.794105e-05]",1
Mon Aug 14 17:55:58 2023,4.287,"[0.0, 0.25, 0.5, 0.75, 1.0]","[2.4119e-09, 4.482385e-06, 8.970615000000001e-06, 1.3449680000000001e-05, 1.794105e-05]",1
