Time,Temperature,Voltage,Amps,Resistance
Thu Aug 10 12:10:15 2023,294.051,"[-8.0, -7.111111111111111, -6.222222222222222, -5.333333333333334, -4.444444444444445, -3.5555555555555554, -2.666666666666667, -1.7777777777777786, -0.8888888888888893, 0.0]","[-0.0001435236, -0.0001275789, -0.00011162910000000002, -9.568210000000002e-05, -7.973104e-05, -6.378923e-05, -4.78415e-05, -3.189292e-05, -1.594389e-05, 7.2668e-09]",55737.814380009164
