Time,Temperature,Voltage,Amps,Resistance
Thu Aug 10 11:55:38 2023,294.055,"[-8.0, -7.111111111111111, -6.222222222222222, -5.333333333333334, -4.444444444444445, -3.5555555555555554, -2.666666666666667, -1.7777777777777786, -0.8888888888888893, 0.0]","[-0.0001434777, -0.00012753030000000001, -0.00011158389999999997, -9.563519999999999e-05, -7.971775e-05, -6.377574000000002e-05, -4.7828130000000006e-05, -3.187968e-05, -1.5930749999999997e-05, 1.69595e-08]",55755.49159500237
