Time,Temperature,Voltage,Amps,Resistance
Thu Aug 10 11:32:07 2023,294.062,"[-8.0, -7.111111111111111, -6.222222222222222, -5.333333333333334, -4.444444444444445, -3.5555555555555554, -2.666666666666667, -1.7777777777777786, -0.8888888888888893, 0.0]","[-0.0001435275, -0.0001275819, -0.00011163320000000001, -9.56877e-05, -7.973135e-05, -6.37895e-05, -4.784169e-05, -3.1893560000000006e-05, -1.5944499999999996e-05, 6.817200000000001e-09]",55736.09123890047
