Time,Temperature,Voltage,Amps,Resistance
Thu Aug 10 12:30:42 2023,294.049,"[-8.0, -7.111111111111111, -6.222222222222222, -5.333333333333334, -4.444444444444445, -3.5555555555555554, -2.666666666666667, -1.7777777777777786, -0.8888888888888893, 0.0]","[-0.000143544, -0.00012759349999999996, -0.00011164359999999999, -9.56975e-05, -7.973546e-05, -6.379325000000001e-05, -4.7845570000000006e-05, -3.189667e-05, -1.5947400000000003e-05, 4.852300000000001e-09]",55730.87514736101
