Time,Temperature,Voltage,Amps,Resistance
Thu Aug 10 12:32:53 2023,204 049,"[-8.0, -7.111111111111111, -6.222222222222222, -5.333333333333334, -4.444444444444445, -3.5555555555555554, -2.666666666666667, -1.7777777777777786, -0.8888888888888893, 0.0]","[-0.0001435422, -0.00012759620000000002, -0.0001116475, -9.57011e-05, -7.973782999999999e-05, -6.379572999999999e-05, -4.7847929999999995e-05, -3.189952e-05, -1.5949999999999998e-05, 2.2349000000000002e-09]",55731.51477820923
